[
    {
        "title": "Save",
        "admin": false,
        "icon": "icon-install",
        "onclick": "codiad.active.save();"
    },
    {
        "title": "Save All",
        "admin": false,
        "icon": "icon-install",
        "onclick": "codiad.active.saveAll();"
    },
    {
        "title": "Plugins",
        "admin": false,
        "icon": null,
        "onclick": null
    },
    {
        "title": "pluginbar",
        "admin": false,
        "icon": null,
        "onclick": null
    },
    {
        "title": "Administration",
        "admin": true,
        "icon": null,
        "onclick": null
    },
    {
        "title": "System",
        "admin": true,
        "icon": null,
        "onclick": null
    },
    {
        "title": "Marketplace",
        "admin": true,
        "icon": "icon-cloud",
        "onclick": "codiad.market.list();"
    },
    {
        "title": "Update Check",
        "admin": true,
        "icon": "icon-share",
        "onclick": "codiad.update.check();"
    },
    {
        "title": "Account",
        "admin": false,
        "icon": null,
        "onclick": null
    },
    {
        "title": "Settings",
        "admin": false,
        "icon": "icon-doc-text",
        "onclick": "codiad.settings.show();"
    },
    {
        "title": "break",
        "admin": false,
        "icon": null,
        "onclick": null
    }
]